{"f1": 0.9154334038054969, "P": 0.8836734693877552, "per_time": 0, "R": 0.9495614035087719}