{"f1": 0.7033792240300376, "P": 0.878125, "per_time": 0.25189992001182154, "R": 0.5866388308977035}